<?xml version="1.0" encoding="utf-8"?>
<extension type="component" version="3.4" method="upgrade">
 
	<name>COM_SMF</name>
	<!-- The following elements are optional and free of formatting constraints -->
	<creationDate>September 2015</creationDate>
	<author>Foysal Iqbal</author>
	<authorEmail>foysal.iqbal@gmail.com</authorEmail>
	<authorUrl>http://www.example.org</authorUrl>
	<author>Asadul Islam</author>
	<authorEmail>asad@gmail.com</authorEmail>
	<authorUrl>http://www.example.org</authorUrl>
	<copyright>Our Copyright info</copyright>
	<license>License Info</license>
	<!--  The version string is recorded in the components table -->
	<version>0.0.12</version>
	<!-- The description is optional and defaults to the name -->
	<description>COM_SMF_DESCRIPTION</description>

	<!-- Runs on install/uninstall/update; New in 2.5 -->
	<scriptfile>initial_script.php</scriptfile>
 
 	<install> <!-- Runs on install -->
		<sql>
			<file driver="mysql" charset="utf8">sql/install.mysql.utf8.sql</file>
		</sql>
	</install>
	<uninstall> <!-- Runs on uninstall -->
		<sql>
			<file driver="mysql" charset="utf8">sql/uninstall.mysql.utf8.sql</file>
		</sql>
	</uninstall>
	<update> <!-- Runs on update; New since J2.5 -->
		<schemas>
			<schemapath type="mysql">sql/updates/mysql</schemapath>
		</schemas>
	</update>
 
	<!-- Site Main File Copy Section -->
	<!-- Note the folder attribute: This attribute describes the folder
		to copy FROM in the package to install therefore files copied
		in this section are copied from /site/ in the package -->
	<files folder="site">
		<filename>index.html</filename>
		<filename>smf.php</filename>
		<filename>controller.php</filename>
		<folder>views</folder>
		<folder>models</folder>
		<folder>assets</folder>				
	</files>
    <languages folder="site/language">
		<language tag="en-GB">en-GB/en-GB.com_smf.ini</language>
    </languages>
	<administration>
		<!-- Administration Menu Section -->
		<menu link='index.php?option=com_smf'>COM_SMF_MENU</menu>
		<!-- submenu>
			<menu link="option=com_smf&amp;task=insert_child_data">COM_SMF_INSERT</menu>
			<menu link="option=com_smf&amp;task=list_child_data">COM_SMF_LIST</menu>
		</submenu -->		
		<!-- Administration Main File Copy Section -->
		<!-- Note the folder attribute: This attribute describes the folder
			to copy FROM in the package to install therefore files copied
			in this section are copied from /admin/ in the package -->
		<files folder="admin">
			<!-- Admin Main File Copy Section -->
			<filename>index.html</filename>
			<filename>smf.php</filename>
			<filename>controller.php</filename>			
			<!-- SQL files section -->
			<folder>sql</folder>
			<!-- views files section -->
			<folder>views</folder>	
			<!-- models files section -->
			<folder>models</folder>				
			<!-- models files section -->
			<folder>tables</folder>				
			<folder>controllers</folder>
		</files>
		<languages folder="admin/language">
        	<language tag="en-GB">en-GB/en-GB.com_smf.ini</language>
            <language tag="en-GB">en-GB/en-GB.com_smf.sys.ini</language>
		</languages>		
	</administration>
 
</extension>
